id,locationId,serviceId,organizationId,contactId,serviceAtLocationId,number,extension,phoneType,description
3461a12c-f21c-421e-a710-f744e371d249,426f266d-5ce2-4e11-a6d1-22be187a3296,,,,,+15129003116,,VOICE,
4cbd2585-19ac-43db-b986-5339de8b8c41,79691fc2-303f-46f6-b732-3053aa0f8b00,,,,,+15129362474,,VOICE,
5fd124c9-6b05-4d4d-ae50-901cc04aff49,9337bdaf-70ae-4c5e-9f6e-ce201d71f497,,,,,+15124757596,,VOICE,
dbae8beb-c577-4593-833e-9690da200262,eda02d73-1ecd-45ba-acf7-26242bac6bbd,,,,,+15124713434,,VOICE,
b096e906-c6b5-4d73-9bbe-0d2e40e6327d,783274aa-3470-4cd0-a66f-b03fa20c4a2f,,,,,+15124716242,,VOICE,
beb34019-34c6-40ff-9324-d3c1e31294df,d5361491-16dc-43d8-84a5-54dc26d839a0,,,,,+15124713841,,VOICE,
b1a70c9e-4ce9-428e-a7d1-87ac288daab1,1d5ea3ab-e31c-4ae7-ad05-23760cd145c6,,,,,+15124763589,,VOICE,
599d7bf3-e96b-4dd0-b88a-bec970f30832,6d873e3f-9d9e-4968-85ac-330622cf1cd1,,,,,+15124789387,,VOICE,
d938b8c6-2d3e-4135-9df7-39c53572f477,8a9c97ae-2185-40ec-9039-31c77b65483d,,,,,+15124765321,,VOICE,
6824a9ab-2958-4a30-ad50-c310d950a462,84eca541-776e-4a6e-9574-b1219137985b,,,,,+15124757399,,VOICE,
430d1375-0a75-4cab-8808-1828befd0cdb,ef1af15d-4acc-44b0-afa2-9847fc60e27f,,,,,+15124713121,,VOICE,
e7a51e26-cb74-4cf8-a96f-a02dc53b39eb,f02f4dea-ff4f-4516-ba2d-b2bf10945b48,,,,,+15127210200,,VOICE,
8672af08-8066-40e9-ba73-c1fd4a6c7f9b,2a622e8c-2cda-4d20-8fda-7f292c6b334b,,,,,+15124779471,,VOICE,
841276ee-fdd6-4611-a0a3-46fbf8d29aa4,d42ed3ea-7e2b-4268-9675-deb1a21eb5f1,,,,,+15129003116,,VOICE,
088476e1-dfe2-4766-b62e-5dada7bcd8eb,7a890ebe-cb8c-4ed9-b474-ac099292ac5e,,,,,+15124767774,,VOICE,
f7aef3f5-0459-4bec-8070-9f785f6b3ad9,01a2b0e4-e726-43ee-8077-4f0f1f033d66,,,,,+15125447111,,VOICE,
8e3ac060-f432-4908-b5a1-9cca033efdaf,cfc1b65d-0dfb-4d23-8eab-ed64172047d9,,,,,+15129362474,,VOICE,
3ce66bf7-0124-4472-9f64-5a3b2b228a9f,e16853e7-48e8-4f0f-a526-8297f2913a16,,,,,+15124636400,,VOICE,
cb8fa3e2-e374-4abb-90d1-2bd00111a776,3f5f73c4-0400-49ac-894f-b6b672f38824,,,,,+15123057400,,VOICE,
14c09320-a5d0-4cfb-9f74-772be890a09c,e6f97542-84bd-4c55-98d0-b6510ac095e7,,,,,+18002528387,,VOICE,
9c3979de-ea11-48e6-88e6-3d02a25e4722,036a2b3e-1625-4069-b431-66ae2056836f,,,,,+15124783366,,VOICE,
aecf0eb6-a1d7-4567-8210-505021fa931f,b5664ce2-57bd-4509-9d35-dd17586bb197,,,,,+15125448993,,VOICE,
722bca58-41b6-43e6-bbe8-c1137c861f02,0fdebc2e-ca0a-4500-b989-6be0a84c755a,,,,,+15124639414,,VOICE,
6ed25462-9fff-4155-a99e-8939546f4924,75025bd0-4bdc-40c4-89a5-e0f0030cec1e,,,,,+19569968752,,VOICE,
e76989f5-5b07-43a3-b9c2-fa202a3b103d,9304112d-d3a1-4261-b965-9f3a3fab7885,,,,,+15128549696,,VOICE,
d87f6af8-1ec0-4b56-b9ee-b5cc7fa44d67,c48366a0-eb0f-4b5d-b5ef-b47fbb21fdc4,,,,,+18663936432,,VOICE,
77c747cf-1b9b-42c9-ae29-ccd318c4ac66,40e4ad58-d223-40bf-bb52-d182fc9ec605,,,,,+15124634600,,VOICE,
0671d1c0-ccb2-4b34-b083-2eeab11fb4ca,93a29e69-bc0f-436f-9ee5-749dc64ddd03,,,,,+15124756050,,VOICE,
271a0878-3caa-4b0b-bffd-8d3570d52775,6dd4596c-93c4-4995-95ff-aea1dd8d23be,,,,,+15129746700,,VOICE,
cd010626-d854-4cbe-a111-a6af03b6f296,9ac6d4b0-ac76-4c3b-a6de-05c282bf8c93,,,,,+15123492111,,VOICE,
a37ea57d-0083-4bb7-8194-34a516a29662,dc946b45-e675-46f5-adb2-c1ca5977f772,,,,,+15125242709,,VOICE,
97036228-c448-4c85-ab26-f946d6899855,8e6941b5-81d1-462f-9097-4e0560e845f4,,,,,+15124636094,,VOICE,
